sample_name,source_well,dest_well,source_type
Octet Buffer,,A1,reservoir
Octet Buffer,,A3,reservoir
SI-157C11_P5158,C1,A5,plate
SI-157C12_P5159,C2,A6,plate
SI-157C13_P5198,C3,A7,plate
SI-157C14_P5199,C4,A8,plate
SI-157C15_P5235,C5,A9,plate
SI-157C16_P5236,C6,A10,plate
SI-157C17_P5237,C7,A11,plate
SI-157C18_P5317,C8,A12,plate
SI-83X1_P5364,C9,A13,plate
SI-157C19_P5365,C10,A14,plate
SI-157X47_P5533,C11,A15,plate
SI-157X56_P5534,C12,A16,plate
SI-157X61_P5535,D1,A17,plate
SI-157X62_P5536,D2,A18,plate
SI-157X63_P5537,D3,A19,plate
SI-157X64_P5538,D4,A20,plate
SI-157X49_P5563,D5,A21,plate
SI-157X50_P5564,D6,A22,plate
SI-157X53_P5565,D7,A23,plate
SI-157X57_P5566,D8,A24,plate
SI-157X65_P5567,D9,B1,plate
SI-157X66_P5568,D10,B2,plate
SI-157X67_P5569,D11,B3,plate
SI-157X68_P5570,D12,B4,plate
Glycine,,B5,reservoir
PBS,,B6,reservoir
Glycine,,B7,reservoir
PBS,,B8,reservoir
Octet Buffer,,C1,reservoir
Octet Buffer,,C3,reservoir
SI-157C11_P5158,C1,C5,plate
SI-157C12_P5159,C2,C6,plate
SI-157C13_P5198,C3,C7,plate
SI-157C14_P5199,C4,C8,plate
SI-157C15_P5235,C5,C9,plate
SI-157C16_P5236,C6,C10,plate
SI-157C17_P5237,C7,C11,plate
SI-157C18_P5317,C8,C12,plate
SI-83X1_P5364,C9,C13,plate
SI-157C19_P5365,C10,C14,plate
SI-157X47_P5533,C11,C15,plate
SI-157X56_P5534,C12,C16,plate
SI-157X61_P5535,D1,C17,plate
SI-157X62_P5536,D2,C18,plate
SI-157X63_P5537,D3,C19,plate
SI-157X64_P5538,D4,C20,plate
SI-157X49_P5563,D5,C21,plate
SI-157X50_P5564,D6,C22,plate
SI-157X53_P5565,D7,C23,plate
SI-157X57_P5566,D8,C24,plate
SI-157X65_P5567,D9,D1,plate
SI-157X66_P5568,D10,D2,plate
SI-157X67_P5569,D11,D3,plate
SI-157X68_P5570,D12,D4,plate
Glycine,,D5,reservoir
PBS,,D6,reservoir
Glycine,,D7,reservoir
PBS,,D8,reservoir
Octet Buffer,,E1,reservoir
Octet Buffer,,E3,reservoir
SI-157C11_P5158,C1,E5,plate
SI-157C12_P5159,C2,E6,plate
SI-157C13_P5198,C3,E7,plate
SI-157C14_P5199,C4,E8,plate
SI-157C15_P5235,C5,E9,plate
SI-157C16_P5236,C6,E10,plate
SI-157C17_P5237,C7,E11,plate
SI-157C18_P5317,C8,E12,plate
SI-83X1_P5364,C9,E13,plate
SI-157C19_P5365,C10,E14,plate
SI-157X47_P5533,C11,E15,plate
SI-157X56_P5534,C12,E16,plate
SI-157X61_P5535,D1,E17,plate
SI-157X62_P5536,D2,E18,plate
SI-157X63_P5537,D3,E19,plate
SI-157X64_P5538,D4,E20,plate
SI-157X49_P5563,D5,E21,plate
SI-157X50_P5564,D6,E22,plate
SI-157X53_P5565,D7,E23,plate
SI-157X57_P5566,D8,E24,plate
SI-157X65_P5567,D9,F1,plate
SI-157X66_P5568,D10,F2,plate
SI-157X67_P5569,D11,F3,plate
SI-157X68_P5570,D12,F4,plate
Glycine,,F5,reservoir
PBS,,F6,reservoir
Glycine,,F7,reservoir
PBS,,F8,reservoir
Octet Buffer,,G1,reservoir
Octet Buffer,,G3,reservoir
SI-157C11_P5158,C1,G5,plate
SI-157C12_P5159,C2,G6,plate
SI-157C13_P5198,C3,G7,plate
SI-157C14_P5199,C4,G8,plate
SI-157C15_P5235,C5,G9,plate
SI-157C16_P5236,C6,G10,plate
SI-157C17_P5237,C7,G11,plate
SI-157C18_P5317,C8,G12,plate
SI-83X1_P5364,C9,G13,plate
SI-157C19_P5365,C10,G14,plate
SI-157X47_P5533,C11,G15,plate
SI-157X56_P5534,C12,G16,plate
SI-157X61_P5535,D1,G17,plate
SI-157X62_P5536,D2,G18,plate
SI-157X63_P5537,D3,G19,plate
SI-157X64_P5538,D4,G20,plate
SI-157X49_P5563,D5,G21,plate
SI-157X50_P5564,D6,G22,plate
SI-157X53_P5565,D7,G23,plate
SI-157X57_P5566,D8,G24,plate
SI-157X65_P5567,D9,H1,plate
SI-157X66_P5568,D10,H2,plate
SI-157X67_P5569,D11,H3,plate
SI-157X68_P5570,D12,H4,plate
Glycine,,H5,reservoir
PBS,,H6,reservoir
Glycine,,H7,reservoir
PBS,,H8,reservoir
Octet Buffer,,I1,reservoir
Octet Buffer,,I3,reservoir
SI-157C11_P5158,C1,I5,plate
SI-157C12_P5159,C2,I6,plate
SI-157C13_P5198,C3,I7,plate
SI-157C14_P5199,C4,I8,plate
SI-157C15_P5235,C5,I9,plate
SI-157C16_P5236,C6,I10,plate
SI-157C17_P5237,C7,I11,plate
SI-157C18_P5317,C8,I12,plate
SI-83X1_P5364,C9,I13,plate
SI-157C19_P5365,C10,I14,plate
SI-157X47_P5533,C11,I15,plate
SI-157X56_P5534,C12,I16,plate
SI-157X61_P5535,D1,I17,plate
SI-157X62_P5536,D2,I18,plate
SI-157X63_P5537,D3,I19,plate
SI-157X64_P5538,D4,I20,plate
SI-157X49_P5563,D5,I21,plate
SI-157X50_P5564,D6,I22,plate
SI-157X53_P5565,D7,I23,plate
SI-157X57_P5566,D8,I24,plate
SI-157X65_P5567,D9,J1,plate
SI-157X66_P5568,D10,J2,plate
SI-157X67_P5569,D11,J3,plate
SI-157X68_P5570,D12,J4,plate
Glycine,,J5,reservoir
PBS,,J6,reservoir
Glycine,,J7,reservoir
PBS,,J8,reservoir
Octet Buffer,,K1,reservoir
Octet Buffer,,K3,reservoir
SI-157C11_P5158,C1,K5,plate
SI-157C12_P5159,C2,K6,plate
SI-157C13_P5198,C3,K7,plate
SI-157C14_P5199,C4,K8,plate
SI-157C15_P5235,C5,K9,plate
SI-157C16_P5236,C6,K10,plate
SI-157C17_P5237,C7,K11,plate
SI-157C18_P5317,C8,K12,plate
SI-83X1_P5364,C9,K13,plate
SI-157C19_P5365,C10,K14,plate
SI-157X47_P5533,C11,K15,plate
SI-157X56_P5534,C12,K16,plate
SI-157X61_P5535,D1,K17,plate
SI-157X62_P5536,D2,K18,plate
SI-157X63_P5537,D3,K19,plate
SI-157X64_P5538,D4,K20,plate
SI-157X49_P5563,D5,K21,plate
SI-157X50_P5564,D6,K22,plate
SI-157X53_P5565,D7,K23,plate
SI-157X57_P5566,D8,K24,plate
SI-157X65_P5567,D9,L1,plate
SI-157X66_P5568,D10,L2,plate
SI-157X67_P5569,D11,L3,plate
SI-157X68_P5570,D12,L4,plate
Glycine,,L5,reservoir
PBS,,L6,reservoir
Glycine,,L7,reservoir
PBS,,L8,reservoir
Octet Buffer,,M1,reservoir
Octet Buffer,,M3,reservoir
SI-157C11_P5158,C1,M5,plate
SI-157C12_P5159,C2,M6,plate
SI-157C13_P5198,C3,M7,plate
SI-157C14_P5199,C4,M8,plate
SI-157C15_P5235,C5,M9,plate
SI-157C16_P5236,C6,M10,plate
SI-157C17_P5237,C7,M11,plate
SI-157C18_P5317,C8,M12,plate
SI-83X1_P5364,C9,M13,plate
SI-157C19_P5365,C10,M14,plate
SI-157X47_P5533,C11,M15,plate
SI-157X56_P5534,C12,M16,plate
SI-157X61_P5535,D1,M17,plate
SI-157X62_P5536,D2,M18,plate
SI-157X63_P5537,D3,M19,plate
SI-157X64_P5538,D4,M20,plate
SI-157X49_P5563,D5,M21,plate
SI-157X50_P5564,D6,M22,plate
SI-157X53_P5565,D7,M23,plate
SI-157X57_P5566,D8,M24,plate
SI-157X65_P5567,D9,N1,plate
SI-157X66_P5568,D10,N2,plate
SI-157X67_P5569,D11,N3,plate
SI-157X68_P5570,D12,N4,plate
Glycine,,N5,reservoir
PBS,,N6,reservoir
Glycine,,N7,reservoir
PBS,,N8,reservoir
Octet Buffer,,O1,reservoir
Octet Buffer,,O3,reservoir
SI-157C11_P5158,C1,O5,plate
SI-157C12_P5159,C2,O6,plate
SI-157C13_P5198,C3,O7,plate
SI-157C14_P5199,C4,O8,plate
SI-157C15_P5235,C5,O9,plate
SI-157C16_P5236,C6,O10,plate
SI-157C17_P5237,C7,O11,plate
SI-157C18_P5317,C8,O12,plate
SI-83X1_P5364,C9,O13,plate
SI-157C19_P5365,C10,O14,plate
SI-157X47_P5533,C11,O15,plate
SI-157X56_P5534,C12,O16,plate
SI-157X61_P5535,D1,O17,plate
SI-157X62_P5536,D2,O18,plate
SI-157X63_P5537,D3,O19,plate
SI-157X64_P5538,D4,O20,plate
SI-157X49_P5563,D5,O21,plate
SI-157X50_P5564,D6,O22,plate
SI-157X53_P5565,D7,O23,plate
SI-157X57_P5566,D8,O24,plate
SI-157X65_P5567,D9,P1,plate
SI-157X66_P5568,D10,P2,plate
SI-157X67_P5569,D11,P3,plate
SI-157X68_P5570,D12,P4,plate
Glycine,,P5,reservoir
PBS,,P6,reservoir
Glycine,,P7,reservoir
PBS,,P8,reservoir
