BatchId;PDatTime;ProcessTime;AG2100;AG2100;AG2100;AG2100;DPRESS;DPRESS;DPRESS;DPRESS;F_PERM;P2500;P2500;P2500;P2500;P3000;P3000;P3000;P3000;P3000_T;PIR2600;PIR2700;PIRC2500;PIRC2500;PIRC2500;PIRC2500;QIR2000;QIR2100;TIR2100;TMP;WIR2700;WIRC2100;WIRC2100;WIRC2100;WIRC2100
;;Value;Value;Setpoint;Mode;Output;Value;Output;Mode;Setpoint;Value;Setpoint;Value;Output;Mode;Setpoint;Mode;Output;Value;Value;Value;Value;Output;Value;Setpoint;Mode;Value;Value;Value;Value;Value;Value;Output;Setpoint;Mode
;;hours;rpm;rpm;;%;bar;%;;bar;g/min;%;%;%;;%;;%;%;g;bar;bar;%;bar;bar;;x;ms/cm;°C;bar;g;g;%;g;

20250324 50E15 DN 570 UF1;3/24/2025 12:35:58 PM;0.000725;200;200;1;20;1.8645;0;0;-1;0;10;10;10;1;100;0;0;0;0;-0.155;-0.1775;0;1.3885;1.9165;0;0;0;21.75;0.9595;-0.074999;288.3;0;100;0
20250324 50E15 DN 570 UF1;3/24/2025 12:36:03 PM;0.00211944444444444;200;200;1;20;1.749;0;0;-1;0;10;10;10;1;100;0;0;0;0;-0.1555;-0.177;0;1.2945;1.9165;0;0;0;21.735;0.9;-0.074999;288.5;0;100;0
20250324 50E15 DN 570 UF1;3/24/2025 12:36:08 PM;0.00351111111111111;200;200;1;20;1.581;0;0;-1;0;10;10;10;1;100;0;0;0;0;-0.1565;-0.1765;0;1.147;1.9165;0;0;0;21.75;0.8125;0.224997;288.5;0;100;0
20250324 50E15 DN 570 UF1;3/24/2025 12:36:13 PM;0.00490277777777778;200;200;1;20;1.4425;0;0;-1;1.71;10;10;10;1;100;0;0;0;0;-0.1435;-0.176;0;1.0715;1.9165;0;0;0;21.765;0.758;0.599992;287.8;0;100;0
20250324 50E15 DN 570 UF1;3/24/2025 12:36:18 PM;0.00629166666666667;200;200;1;20;1.1255;0;0;-1;1.71;10;10;10;1;100;0;0;0;0;0.2515;-0.1765;0;1.145;1.9165;0;0;0;21.75;1.006;1.199984;287.2;0;100;0
20250324 50E15 DN 570 UF1;3/24/2025 12:36:23 PM;0.00768055555555556;200;200;1;20;1.343;0;0;-1;1.71;10;10;10;1;100;0;0;0;0;0.4565;-0.1745;0;1.563;1.9165;0;0;0;21.78;1.45;2.174971;285.8;0;100;0
20250324 50E15 DN 570 UF1;3/24/2025 12:36:28 PM;0.009075;200;200;1;20;1.343;0;0;-1;1.71;10;10;10;1;100;0;0;0;0;0.4565;-0.1745;0;1.563;1.9165;0;0;0;21.78;1.45;2.174971;285.8;0;100;0
20250324 50E15 DN 570 UF1;3/24/2025 12:36:33 PM;0.0104638888888889;200;200;1;20;0.973;0;0;-1;1.71;10;10;10;1;100;0;0;0;0;0.715;-0.175;0;1.516;1.9165;0;0;0;21.78;1.5185;3.074959;285.1;0;100;0
20250324 50E15 DN 570 UF1;3/24/2025 12:36:38 PM;0.0118527777777778;200;200;1;20;1.019;0;0;-1;9.43;10;10;10;1;100;0;0;0;0;1.0285;-0.178;0;1.878;1.9165;0;0;0;21.795;1.9825;4.199944;283.7;0;100;0
20250324 50E15 DN 570 UF1;3/24/2025 12:36:43 PM;0.0132472222222222;200;200;1;20;0.969;0;0;-1;9.43;10;10;10;1;100;0;0;0;0;0.8515;-0.175;0;1.665;1.9165;0;0;0;21.795;1.691;5.174931;282.9;0;100;0
20250324 50E15 DN 570 UF1;3/24/2025 12:36:48 PM;0.0146361111111111;200;200;1;20;1.045;0;0;-1;9.43;10;10;10;1;100;0;0;0;0;1.272;-0.1745;0;2.1525;1.9165;0;0;0;21.795;2.272;6.524913;281.5;0;100;0
20250324 50E15 DN 570 UF1;3/24/2025 12:36:53 PM;0.0160277777777778;200;200;1;20;1.1295;0;0;-1;9.43;10;10;10;1;100;0;0;0;0;0.957;-0.1735;0;1.92;1.9165;0;0;0;21.78;1.937;7.424901;280.6;0;100;0
20250324 50E15 DN 570 UF1;3/24/2025 12:36:58 PM;0.0174194444444444;200;200;1;20;0.9535;0;0;-1;12;10;10;10;1;100;0;0;0;0;0.9095;-0.177;0;1.694;1.9165;0;0;0;21.78;1.767;8.099892;279.9;0;100;0
20250324 50E15 DN 570 UF1;3/24/2025 12:37:03 PM;0.0188083333333333;200;200;1;20;0.934;0;0;-1;12;10;10;10;1;100;0;0;0;0;1.2205;-0.1775;0;2.0165;1.9165;0;0;0;21.795;2.1415;9.224877;278.7;0;100;0
20250324 50E15 DN 570 UF1;3/24/2025 12:37:08 PM;0.0202;200;200;1;20;0.8925;0;0;-1;12;10;10;10;1;100;0;0;0;0;1.238;-0.176;0;1.979;1.9165;0;0;0;21.78;2.1525;10.424861;277.6;0;100;0
20250324 50E15 DN 570 UF1;3/24/2025 12:37:13 PM;0.0215888888888889;200;200;1;20;1.0085;0;0;-1;12;10;10;10;1;100;0;0;0;0;1.1905;-0.176;0;2.0235;1.9165;0;0;0;21.795;2.1535;11.324849;276.6;0;100;0
20250324 50E15 DN 570 UF1;3/24/2025 12:37:18 PM;0.0229805555555556;200;200;1;20;0.9525;0;0;-1;11.14;10;10;10;1;100;0;0;0;0;1.0385;-0.1755;0;1.826;1.9165;0;0;0;21.795;1.941;12.374835;275.6;0;100;0
20250324 50E15 DN 570 UF1;3/24/2025 12:37:23 PM;0.0243722222222222;200;200;1;20;0.9605;0;0;-1;11.14;10;10;10;1;100;0;0;0;0;1.0145;-0.177;0;1.819;1.9165;0;0;0;21.81;1.9075;13.424821;274.6;0;100;0
20250324 50E15 DN 570 UF1;3/24/2025 12:37:28 PM;0.0257611111111111;200;200;1;20;0.9815;0;0;-1;11.14;10;10;10;1;100;0;0;0;0;0.9965;-0.175;0;1.835;1.9165;0;0;0;21.81;1.894;14.174811;273.7;0;100;0
20250324 50E15 DN 570 UF1;3/24/2025 12:37:33 PM;0.0271527777777778;200;200;1;20;0.997;0;0;-1;11.14;10;10;10;1;100;0;0;0;0;0.978;-0.176;0;1.792;1.9165;0;0;0;21.825;1.8825;15.224797;272.8;0;100;0
20250324 50E15 DN 570 UF1;3/24/2025 12:37:38 PM;0.0285416666666667;200;200;1;20;1.03;0;0;-1;11.14;10;10;10;1;100;0;0;0;0;0.999;-0.1755;0;1.861;1.9165;0;0;0;21.81;1.921;16.274783;271.7;0;100;0
20250324 50E15 DN 570 UF1;3/24/2025 12:37:43 PM;0.0299361111111111;200;200;1;20;0.896;0;0;-1;11.14;10;10;10;1;100;0;0;0;0;1.153;-0.175;0;1.9085;1.9165;0;0;0;21.825;2.0335;17.324769;270.7;0;100;0
20250324 50E15 DN 570 UF1;3/24/2025 12:37:48 PM;0.031325;200;200;1;20;1.044;0;0;-1;11.14;10;10;10;1;100;0;0;0;0;1.1545;-0.175;0;2.028;1.9165;0;0;0;21.84;2.113;18.224757;269.7;0;100;0
20250324 50E15 DN 570 UF1;3/24/2025 12:37:53 PM;0.0327166666666667;200;200;1;20;1.044;0;0;-1;11.14;10;10;10;1;100;0;0;0;0;1.1545;-0.175;0;2.028;1.9165;0;0;0;21.84;2.113;18.224757;269.7;0;100;0
20250324 50E15 DN 570 UF1;3/24/2025 12:37:58 PM;0.0341055555555556;200;200;1;20;0.8685;0;0;-1;11.14;10;10;10;1;100;0;0;0;0;1.18;-0.1775;0;1.898;1.9165;0;0;0;21.84;2.0685;19.49974;268.6;0;100;0
20250324 50E15 DN 570 UF1;3/24/2025 12:38:03 PM;0.0354972222222222;200;200;1;20;1.0465;0;0;-1;11.71;10;10;10;1;100;0;0;0;0;1.1615;-0.1755;0;2.018;1.9165;0;0;0;21.84;2.1215;20.399728;267.7;0;100;0
20250324 50E15 DN 570 UF1;3/24/2025 12:38:08 PM;0.0368888888888889;200;200;1;20;1.011;0;0;-1;11.71;10;10;10;1;100;0;0;0;0;1.1795;-0.174;0;2.043;1.9165;0;0;0;21.855;2.126;21.299716;266.8;0;100;0
20250324 50E15 DN 570 UF1;3/24/2025 12:38:13 PM;0.0382777777777778;200;200;1;20;0.9865;0;0;-1;11.71;10;10;10;1;100;0;0;0;0;1.1835;-0.175;0;1.9975;1.9165;0;0;0;21.855;2.115;22.199704;265.9;0;100;0
20250324 50E15 DN 570 UF1;3/24/2025 12:38:18 PM;0.0396722222222222;200;200;1;20;0.9855;0;0;-1;11.71;10;10;10;1;100;0;0;0;0;1.1725;-0.1765;0;1.995;1.9165;0;0;0;21.855;2.1195;23.324689;264.8;0;100;0
20250324 50E15 DN 570 UF1;3/24/2025 12:38:23 PM;0.0410638888888889;200;200;1;20;0.8885;0;0;-1;11.14;10;10;10;1;100;0;0;0;0;1.1595;-0.1765;0;1.905;1.9165;0;0;0;21.87;2.0375;24.299676;263.9;0;100;0
20250324 50E15 DN 570 UF1;3/24/2025 12:38:28 PM;0.0424527777777778;200;200;1;20;1.0575;0;0;-1;11.14;10;10;10;1;100;0;0;0;0;1.154;-0.175;0;2.019;1.9165;0;0;0;21.87;2.121;25.199664;263;0;100;0
20250324 50E15 DN 570 UF1;3/24/2025 12:38:33 PM;0.0438472222222222;200;200;1;20;0.973;0;0;-1;11.14;10;10;10;1;100;0;0;0;0;1.188;-0.174;0;2.0165;1.9165;0;0;0;21.885;2.1145;26.324649;261.9;0;100;0
20250324 50E15 DN 570 UF1;3/24/2025 12:38:38 PM;0.0452388888888889;200;200;1;20;1.0095;0;0;-1;11.14;10;10;10;1;100;0;0;0;0;1.166;-0.176;0;1.994;1.9165;0;0;0;21.885;2.1085;27.224637;261.1;0;100;0
20250324 50E15 DN 570 UF1;3/24/2025 12:38:43 PM;0.0466305555555556;200;200;1;20;1.0355;0;0;-1;10.86;10;10;10;1;100;0;0;0;0;1.181;-0.174;0;2.046;1.9165;0;0;0;21.9;2.139;28.199624;260.1;0;100;0
20250324 50E15 DN 570 UF1;3/24/2025 12:38:48 PM;0.0480222222222222;200;200;1;20;0.951;0;0;-1;10.86;10;10;10;1;100;0;0;0;0;1.172;-0.1755;0;1.9595;1.9165;0;0;0;21.9;2.083;29.324609;258.9;0;100;0
20250324 50E15 DN 570 UF1;3/24/2025 12:38:53 PM;0.0494138888888889;200;200;1;20;1.028;0;0;-1;10.86;10;10;10;1;100;0;0;0;0;1.1645;-0.1755;0;2.025;1.9165;0;0;0;21.885;2.118;30.299596;258.1;0;100;0
20250324 50E15 DN 570 UF1;3/24/2025 12:38:58 PM;0.0508027777777778;200;200;1;20;0.945;0;0;-1;10.86;10;10;10;1;100;0;0;0;0;1.161;-0.1745;0;1.954;1.9165;0;0;0;21.93;2.065;31.124585;257.2;0;100;0
20250324 50E15 DN 570 UF1;3/24/2025 12:39:03 PM;0.0521944444444444;200;200;1;20;1.1055;0;0;-1;11.43;10;10;10;1;100;0;0;0;0;1.1345;-0.1735;0;2.065;1.9165;0;0;0;21.915;2.1285;32.324569;256.1;0;100;0
20250324 50E15 DN 570 UF1;3/24/2025 12:39:08 PM;0.0535861111111111;200;200;1;20;1.002;0;0;-1;11.43;10;10;10;1;100;0;0;0;0;1.177;-0.1745;0;2.006;1.9165;0;0;0;21.93;2.1275;33.224557;255.3;0;100;0
20250324 50E15 DN 570 UF1;3/24/2025 12:39:13 PM;0.054975;200;200;1;20;1.043;0;0;-1;11.43;10;10;10;1;100;0;0;0;0;1.128;-0.175;0;1.9975;1.9165;0;0;0;21.93;2.092;34.124545;254.3;0;100;0
20250324 50E15 DN 570 UF1;3/24/2025 12:39:18 PM;0.0563694444444444;200;200;1;20;1.171;0;0;-1;11.43;10;10;10;1;100;0;0;0;0;1.187;-0.171;0;2.154;1.9165;0;0;0;21.93;2.2195;35.174531;253.3;0;100;0
20250324 50E15 DN 570 UF1;3/24/2025 12:39:23 PM;0.0577583333333333;200;200;1;20;1.171;0;0;-1;11.43;10;10;10;1;100;0;0;0;0;1.187;-0.171;0;2.154;1.9165;0;0;0;21.93;2.2195;35.174531;253.3;0;100;0
20250324 50E15 DN 570 UF1;3/24/2025 12:39:28 PM;0.0591527777777778;200;200;1;20;0.9315;0;0;-1;10.86;10;10;10;1;100;0;0;0;0;1.149;-0.176;0;1.921;1.9165;0;0;0;21.945;2.0625;36.074519;252.4;0;100;0
20250324 50E15 DN 570 UF1;3/24/2025 12:39:33 PM;0.0605444444444444;200;200;1;20;1.0025;0;0;-1;10.86;10;10;10;1;100;0;0;0;0;1.134;-0.177;0;1.9575;1.9165;0;0;0;21.93;2.0755;36.974507;251.5;0;100;0
20250324 50E15 DN 570 UF1;3/24/2025 12:39:38 PM;0.0619361111111111;200;200;1;20;0.947;0;0;-1;10.86;10;10;10;1;100;0;0;0;0;1.1315;-0.175;0;1.9165;1.9165;0;0;0;21.96;2.047;38.024493;250.6;0;100;0
20250324 50E15 DN 570 UF1;3/24/2025 12:39:43 PM;0.0633277777777778;200;200;1;20;1.091;0;0;-1;10.86;10;10;10;1;100;0;0;0;0;1.143;-0.175;0;2.036;1.9165;0;0;0;21.96;2.1235;38.99948;249.5;0;100;0
20250324 50E15 DN 570 UF1;3/24/2025 12:39:48 PM;0.0647166666666667;200;200;1;20;0.972;0;0;-1;11.14;10;10;10;1;100;0;0;0;0;1.157;-0.175;0;1.96;1.9165;0;0;0;21.96;2.09;39.899468;248.5;0;100;0
20250324 50E15 DN 570 UF1;3/24/2025 12:39:53 PM;0.0661083333333333;200;200;1;20;1.0565;0;0;-1;11.14;10;10;10;1;100;0;0;0;0;1.12;-0.174;0;1.988;1.9165;0;0;0;21.975;2.0735;41.024453;247.7;0;100;0
20250324 50E15 DN 570 UF1;3/24/2025 12:39:58 PM;0.0675027777777778;200;200;1;20;0.968;0;0;-1;11.14;10;10;10;1;100;0;0;0;0;1.144;-0.1765;0;1.9695;1.9165;0;0;0;21.99;2.0675;41.99944;246.6;0;100;0
20250324 50E15 DN 570 UF1;3/24/2025 12:40:03 PM;0.0688916666666667;200;200;1;20;0.948;0;0;-1;11.14;10;10;10;1;100;0;0;0;0;1.164;-0.1755;0;1.953;1.9165;0;0;0;21.975;2.0715;42.824429;245.7;0;100;0
20250324 50E15 DN 570 UF1;3/24/2025 12:40:08 PM;0.0702805555555556;200;200;1;20;1.023;0;0;-1;10.86;10;10;10;1;100;0;0;0;0;1.1505;-0.176;0;2.0075;1.9165;0;0;0;21.975;2.099;43.799416;244.9;0;100;0
20250324 50E15 DN 570 UF1;3/24/2025 12:40:13 PM;0.071675;200;200;1;20;0.925;0;0;-1;10.86;10;10;10;1;100;0;0;0;0;1.1355;-0.175;0;1.919;1.9165;0;0;0;21.99;2.0365;44.924401;243.8;0;100;0
20250324 50E15 DN 570 UF1;3/24/2025 12:40:18 PM;0.0730638888888889;200;200;1;20;0.9835;0;0;-1;10.86;10;10;10;1;100;0;0;0;0;1.146;-0.1765;0;1.969;1.9165;0;0;0;22.005;2.074;45.899388;242.9;0;100;0
20250324 50E15 DN 570 UF1;3/24/2025 12:40:23 PM;0.0744555555555556;200;200;1;20;1.0195;0;0;-1;10.86;10;10;10;1;100;0;0;0;0;1.1675;-0.1735;0;2.0175;1.9165;0;0;0;21.99;2.113;46.574379;242;0;100;0
20250324 50E15 DN 570 UF1;3/24/2025 12:40:28 PM;0.0758472222222222;200;200;1;20;0.983;0;0;-1;11.14;10;10;10;1;100;0;0;0;0;1.1265;-0.176;0;1.9285;1.9165;0;0;0;22.02;2.057;47.774363;240.9;0;100;0
20250324 50E15 DN 570 UF1;3/24/2025 12:40:33 PM;0.0772388888888889;200;200;1;20;1.105;0;0;-1;11.14;10;10;10;1;100;0;0;0;0;1.164;-0.173;0;2.092;1.9165;0;0;0;22.02;2.1655;48.824349;240.1;0;100;0
20250324 50E15 DN 570 UF1;3/24/2025 12:40:38 PM;0.0786277777777778;200;200;1;20;0.971;0;0;-1;11.14;10;10;10;1;100;0;0;0;0;1.12;-0.1755;0;1.9185;1.9165;0;0;0;22.035;2.0385;49.574339;239.1;0;100;0
20250324 50E15 DN 570 UF1;3/24/2025 12:40:43 PM;0.0800194444444444;200;200;1;20;1.054;0;0;-1;11.14;10;10;10;1;100;0;0;0;0;1.1285;-0.175;0;2.018;1.9165;0;0;0;22.05;2.096;50.774323;238.1;0;100;0
20250324 50E15 DN 570 UF1;3/24/2025 12:40:48 PM;0.0814083333333333;200;200;1;20;1.054;0;0;-1;11.14;10;10;10;1;100;0;0;0;0;1.1285;-0.175;0;2.018;1.9165;0;0;0;22.05;2.096;50.774323;238.1;0;100;0
20250324 50E15 DN 570 UF1;3/24/2025 12:40:53 PM;0.0827972222222222;200;200;1;20;0.963;0;0;-1;10.86;10;10;10;1;100;0;0;0;0;1.167;-0.175;0;1.964;1.9165;0;0;0;22.05;2.0975;51.524313;237.3;0;100;0
20250324 50E15 DN 570 UF1;3/24/2025 12:40:58 PM;0.0841916666666667;200;200;1;20;1.0675;0;0;-1;10.86;10;10;10;1;100;0;0;0;0;1.1395;-0.1755;0;2.0145;1.9165;0;0;0;22.065;2.107;52.4993;236.5;0;100;0
20250324 50E15 DN 570 UF1;3/24/2025 12:41:03 PM;0.0855833333333333;200;200;1;20;0.9815;0;0;-1;10.86;10;10;10;1;100;0;0;0;0;1.1515;-0.1745;0;1.992;1.9165;0;0;0;22.05;2.077;53.399288;235.5;0;100;0
20250324 50E15 DN 570 UF1;3/24/2025 12:41:08 PM;0.0869722222222222;200;200;1;20;0.973;0;0;-1;10.86;10;10;10;1;100;0;0;0;0;1.145;-0.176;0;1.9525;1.9165;0;0;0;22.065;2.078;54.524273;234.4;0;100;0
20250324 50E15 DN 570 UF1;3/24/2025 12:41:13 PM;0.0883666666666667;200;200;1;20;1.071;0;0;-1;10.57;10;10;10;1;100;0;0;0;0;1.1545;-0.1745;0;2.0505;1.9165;0;0;0;22.08;2.1255;55.424261;233.5;0;100;0
20250324 50E15 DN 570 UF1;3/24/2025 12:41:18 PM;0.0897583333333333;200;200;1;20;0.936;0;0;-1;10.57;10;10;10;1;100;0;0;0;0;1.133;-0.1755;0;1.9085;1.9165;0;0;0;22.08;2.0445;56.324249;232.7;0;100;0
20250324 50E15 DN 570 UF1;3/24/2025 12:41:23 PM;0.09115;200;200;1;20;1.0825;0;0;-1;10.57;10;10;10;1;100;0;0;0;0;1.1305;-0.174;0;2.0435;1.9165;0;0;0;22.11;2.111;57.374235;231.6;0;100;0
20250324 50E15 DN 570 UF1;3/24/2025 12:41:28 PM;0.0925416666666667;200;200;1;20;0.965;0;0;-1;10.57;10;10;10;1;100;0;0;0;0;1.1415;-0.1745;0;1.96;1.9165;0;0;0;22.14;2.064;58.274223;230.7;0;100;0
20250324 50E15 DN 570 UF1;3/24/2025 12:41:33 PM;0.0939333333333333;200;200;1;20;1;0;0;-1;10.86;10;10;10;1;100;0;0;0;0;1.175;-0.176;0;1.995;1.9165;0;0;0;22.125;2.1155;59.174211;229.9;0;100;0
20250324 50E15 DN 570 UF1;3/24/2025 12:41:38 PM;0.095325;200;200;1;20;1.055;0;0;-1;10.86;10;10;10;1;100;0;0;0;0;1.1535;-0.1735;0;2.0445;1.9165;0;0;0;22.155;2.127;60.224197;228.9;0;100;0
20250324 50E15 DN 570 UF1;3/24/2025 12:41:43 PM;0.0967166666666667;200;200;1;20;0.9585;0;0;-1;10.86;10;10;10;1;100;0;0;0;0;1.093;-0.176;0;1.8765;1.9165;0;0;0;22.155;2.002;61.124185;228;0;100;0
20250324 50E15 DN 570 UF1;3/24/2025 12:41:48 PM;0.0981055555555556;200;200;1;20;1.1675;0;0;-1;10.86;10;10;10;1;100;0;0;0;0;1.136;-0.173;0;2.0975;1.9165;0;0;0;22.17;2.1555;62.024173;227;0;100;0
20250324 50E15 DN 570 UF1;3/24/2025 12:41:53 PM;0.0994972222222222;200;200;1;20;0.9765;0;0;-1;10.57;10;10;10;1;100;0;0;0;0;1.167;-0.175;0;1.971;1.9165;0;0;0;22.185;2.095;63.224157;226;0;100;0
20250324 50E15 DN 570 UF1;3/24/2025 12:41:58 PM;0.100891666666667;200;200;1;20;0.99;0;0;-1;10.57;10;10;10;1;100;0;0;0;0;1.164;-0.1775;0;1.972;1.9165;0;0;0;22.215;2.1015;63.974147;225.2;0;100;0
20250324 50E15 DN 570 UF1;3/24/2025 12:42:03 PM;0.102286111111111;200;200;1;20;1.0645;0;0;-1;10.57;10;10;10;1;100;0;0;0;0;1.171;-0.172;0;2.0775;1.9165;0;0;0;22.215;2.138;64.874135;224.3;0;100;0
20250324 50E15 DN 570 UF1;3/24/2025 12:42:08 PM;0.103677777777778;200;200;1;20;1.07;0;0;-1;10.57;10;10;10;1;100;0;0;0;0;1.1315;-0.174;0;2.011;1.9165;0;0;0;22.23;2.095;65.699124;223.5;0;100;0
20250324 50E15 DN 570 UF1;3/24/2025 12:42:13 PM;0.105069444444444;200;200;1;20;1.082;0;0;-1;10.57;10;10;10;1;100;0;0;0;0;1.1495;-0.1735;0;2.0585;1.9165;0;0;0;22.23;2.136;66.974107;222.4;0;100;0
20250324 50E15 DN 570 UF1;3/24/2025 12:42:18 PM;0.106461111111111;200;200;1;20;1.082;0;0;-1;10.57;10;10;10;1;100;0;0;0;0;1.1495;-0.1735;0;2.0585;1.9165;0;0;0;22.23;2.136;66.974107;222.4;0;100;0
20250324 50E15 DN 570 UF1;3/24/2025 12:42:23 PM;0.10785;200;200;1;20;0.9575;0;0;-1;10.57;10;10;10;1;100;0;0;0;0;1.1585;-0.1755;0;1.9515;1.9165;0;0;0;22.215;2.0855;67.799096;221.3;0;100;0
20250324 50E15 DN 570 UF1;3/24/2025 12:42:28 PM;0.109238888888889;200;200;1;20;1.053;0;0;-1;10.57;10;10;10;1;100;0;0;0;0;1.128;-0.1755;0;2.017;1.9165;0;0;0;22.23;2.094;68.624085;220.7;0;100;0
20250324 50E15 DN 570 UF1;3/24/2025 12:42:33 PM;0.110630555555556;200;200;1;20;0.949;0;0;-1;10.86;10;10;10;1;100;0;0;0;0;1.1315;-0.176;0;1.917;1.9165;0;0;0;22.23;2.0385;69.599072;219.6;0;100;0
20250324 50E15 DN 570 UF1;3/24/2025 12:42:38 PM;0.112022222222222;200;200;1;20;1.1175;0;0;-1;10.86;10;10;10;1;100;0;0;0;0;1.1165;-0.174;0;2.032;1.9165;0;0;0;22.245;2.114;70.424061;218.7;0;100;0
20250324 50E15 DN 570 UF1;3/24/2025 12:42:43 PM;0.113411111111111;200;200;1;20;1.0685;0;0;-1;10.86;10;10;10;1;100;0;0;0;0;1.159;-0.174;0;2.0435;1.9165;0;0;0;22.245;2.139;71.399048;217.8;0;100;0
20250324 50E15 DN 570 UF1;3/24/2025 12:42:48 PM;0.114805555555556;200;200;1;20;1.0495;0;0;-1;10.86;10;10;10;1;100;0;0;0;0;1.1055;-0.1745;0;1.9765;1.9165;0;0;0;22.245;2.0675;72.374035;216.8;0;100;0
20250324 50E15 DN 570 UF1;3/24/2025 12:42:53 PM;0.116197222222222;200;200;1;20;1.1375;0;0;-1;10.29;10;10;10;1;100;0;0;0;0;1.1515;-0.173;0;2.102;1.9165;0;0;0;22.26;2.1665;73.274023;215.9;0;100;0
20250324 50E15 DN 570 UF1;3/24/2025 12:42:58 PM;0.117588888888889;200;200;1;20;0.976;0;0;-1;10.29;10;10;10;1;100;0;0;0;0;1.167;-0.175;0;1.9765;1.9165;0;0;0;22.275;2.105;74.099012;215;0;100;0
20250324 50E15 DN 570 UF1;3/24/2025 12:43:03 PM;0.118980555555556;200;200;1;20;1.1505;0;0;-1;10.29;10;10;10;1;100;0;0;0;0;1.116;-0.174;0;2.0645;1.9165;0;0;0;22.26;2.1315;75.073999;214;0;100;0
20250324 50E15 DN 570 UF1;3/24/2025 12:43:08 PM;0.120372222222222;200;200;1;20;0.961;0;0;-1;10.29;10;10;10;1;100;0;0;0;0;1.134;-0.1755;0;1.954;1.9165;0;0;0;22.26;2.0445;76.198984;213.2;0;100;0
20250324 50E15 DN 570 UF1;3/24/2025 12:43:13 PM;0.121763888888889;200;200;1;20;1.0585;0;0;-1;10.86;10;10;10;1;100;0;0;0;0;1.121;-0.175;0;2.008;1.9165;0;0;0;22.275;2.0795;77.023973;212.2;0;100;0
20250324 50E15 DN 570 UF1;3/24/2025 12:43:18 PM;0.123158333333333;200;200;1;20;1.1145;0;0;-1;10.86;10;10;10;1;100;0;0;0;0;1.14;-0.174;0;2.0595;1.9165;0;0;0;22.26;2.138;77.99896;211.2;0;100;0
20250324 50E15 DN 570 UF1;3/24/2025 12:43:23 PM;0.124547222222222;200;200;1;20;0.9685;0;0;-1;10.86;10;10;10;1;100;0;0;0;0;1.103;-0.1755;0;1.917;1.9165;0;0;0;22.26;2.016;78.973947;210.4;0;100;0
20250324 50E15 DN 570 UF1;3/24/2025 12:43:28 PM;0.125936111111111;200;200;1;20;1.2;0;0;-1;10.86;10;10;10;1;100;0;0;0;0;1.1325;-0.173;0;2.1185;1.9165;0;0;0;22.275;2.166;79.798936;209.5;0;100;0
20250324 50E15 DN 570 UF1;3/24/2025 12:43:33 PM;0.127327777777778;200;200;1;20;1.002;0;0;-1;10.29;10;10;10;1;100;0;0;0;0;1.1435;-0.175;0;1.97;1.9165;0;0;0;22.245;2.0785;80.698924;208.6;0;100;0
20250324 50E15 DN 570 UF1;3/24/2025 12:43:38 PM;0.128722222222222;200;200;1;20;1.0765;0;0;-1;10.29;10;10;10;1;100;0;0;0;0;1.154;-0.1755;0;2.0365;1.9165;0;0;0;22.26;2.1295;81.823909;207.6;0;100;0
20250324 50E15 DN 570 UF1;3/24/2025 12:43:43 PM;0.130111111111111;200;200;1;20;1.0765;0;0;-1;10.29;10;10;10;1;100;0;0;0;0;1.154;-0.1755;0;2.0365;1.9165;0;0;0;22.26;2.1295;81.823909;207.6;0;100;0
20250324 50E15 DN 570 UF1;3/24/2025 12:43:48 PM;0.131502777777778;200;200;1;20;1.112;0;0;-1;10.29;10;10;10;1;100;0;0;0;0;1.139;-0.1735;0;2.068;1.9165;0;0;0;22.26;2.125;82.573899;206.7;0;100;0
20250324 50E15 DN 570 UF1;3/24/2025 12:43:53 PM;0.132897222222222;200;200;1;20;1.006;0;0;-1;10.29;10;10;10;1;100;0;0;0;0;1.124;-0.1755;0;1.9685;1.9165;0;0;0;22.245;2.059;83.398888;205.8;0;100;0
20250324 50E15 DN 570 UF1;3/24/2025 12:43:58 PM;0.134286111111111;200;200;1;20;1.097;0;0;-1;10.29;10;10;10;1;100;0;0;0;0;1.1385;-0.1745;0;2.0675;1.9165;0;0;0;22.26;2.1265;84.598872;204.7;0;100;0
20250324 50E15 DN 570 UF1;3/24/2025 12:44:03 PM;0.135677777777778;200;200;1;20;1.041;0;0;-1;10.29;10;10;10;1;100;0;0;0;0;1.1505;-0.174;0;2.007;1.9165;0;0;0;22.245;2.1065;85.423861;203.9;0;100;0
20250324 50E15 DN 570 UF1;3/24/2025 12:44:08 PM;0.137069444444444;200;200;1;20;1.1215;0;0;-1;10.29;10;10;10;1;100;0;0;0;0;1.106;-0.175;0;2.0485;1.9165;0;0;0;22.245;2.1035;86.173851;203.1;0;100;0
20250324 50E15 DN 570 UF1;3/24/2025 12:44:13 PM;0.138463888888889;200;200;1;20;1.053;0;0;-1;10.29;10;10;10;1;100;0;0;0;0;1.1505;-0.1735;0;2.048;1.9165;0;0;0;22.26;2.1095;87.223837;202.1;0;100;0
20250324 50E15 DN 570 UF1;3/24/2025 12:44:18 PM;0.139855555555556;200;200;1;20;1.071;0;0;-1;10.57;10;10;10;1;100;0;0;0;0;1.0915;-0.175;0;1.99;1.9165;0;0;0;22.23;2.051;88.198824;201.1;0;100;0
20250324 50E15 DN 570 UF1;3/24/2025 12:44:23 PM;0.141247222222222;200;200;1;20;1.1275;0;0;-1;10.57;10;10;10;1;100;0;0;0;0;1.1615;-0.1735;0;2.1035;1.9165;0;0;0;22.23;2.1605;88.798816;200.4;0;100;0
20250324 50E15 DN 570 UF1;3/24/2025 12:44:28 PM;0.142638888888889;200;200;1;20;1.017;0;0;-1;10.57;10;10;10;1;100;0;0;0;0;1.1735;-0.174;0;2.03;1.9165;0;0;0;22.245;2.124;90.073799;199.2;0;100;0
20250324 50E15 DN 570 UF1;3/24/2025 12:44:33 PM;0.144030555555556;200;200;1;20;1.1795;0;0;-1;10.57;10;10;10;1;100;0;0;0;0;1.117;-0.173;0;2.1115;1.9165;0;0;0;22.23;2.142;90.898788;198.4;0;100;0
20250324 50E15 DN 570 UF1;3/24/2025 12:44:38 PM;0.145425;200;200;1;20;1.1215;0;0;-1;10.29;10;10;10;1;100;0;0;0;0;1.2;-0.1715;0;2.1295;1.9165;0;0;0;22.245;2.2125;91.798776;197.6;0;100;0
20250324 50E15 DN 570 UF1;3/24/2025 12:44:43 PM;0.146813888888889;200;200;1;20;1.006;0;0;-1;10.29;10;10;10;1;100;0;0;0;0;1.169;-0.177;0;1.993;1.9165;0;0;0;22.215;2.1125;92.923761;196.5;0;100;0
20250324 50E15 DN 570 UF1;3/24/2025 12:44:49 PM;0.148208333333333;200;200;1;20;1.01;0;0;-1;10.29;10;10;10;1;100;0;0;0;0;1.1385;-0.1765;0;1.973;1.9165;0;0;0;22.2;2.088;93.823749;195.7;0;100;0
20250324 50E15 DN 570 UF1;3/24/2025 12:44:54 PM;0.1496;200;200;1;20;1.007;0;0;-1;10.29;10;10;10;1;100;0;0;0;0;1.13;-0.175;0;1.965;1.9165;0;0;0;22.2;2.06;94.49874;194.9;0;100;0
20250324 50E15 DN 570 UF1;3/24/2025 12:44:59 PM;0.150988888888889;200;200;1;20;1.229;0;0;-1;10.29;10;10;10;1;100;0;0;0;0;1.14;-0.1725;0;2.15;1.9165;0;0;0;22.185;2.1905;95.398728;194;0;100;0
20250324 50E15 DN 570 UF1;3/24/2025 12:45:04 PM;0.152383333333333;200;200;1;20;1.013;0;0;-1;10.29;10;10;10;1;100;0;0;0;0;1.1575;-0.174;0;2.014;1.9165;0;0;0;22.185;2.094;96.373715;193;0;100;0
20250324 50E15 DN 570 UF1;3/24/2025 12:45:09 PM;0.153775;200;200;1;20;1.126;0;0;-1;10.29;10;10;10;1;100;0;0;0;0;1.114;-0.175;0;2.035;1.9165;0;0;0;22.185;2.1055;97.273703;192.1;0;100;0
20250324 50E15 DN 570 UF1;3/24/2025 12:45:14 PM;0.155166666666667;200;200;1;20;1.126;0;0;-1;10.29;10;10;10;1;100;0;0;0;0;1.114;-0.175;0;2.035;1.9165;0;0;0;22.185;2.1055;97.273703;192.1;0;100;0
20250324 50E15 DN 570 UF1;3/24/2025 12:45:19 PM;0.156558333333333;200;200;1;20;0.979;0;0;-1;10.29;10;10;10;1;100;0;0;0;0;1.14;-0.1755;0;1.9785;1.9165;0;0;0;22.17;2.0635;98.098692;191.3;0;100;0
20250324 50E15 DN 570 UF1;3/24/2025 12:45:24 PM;0.15795;200;200;1;20;1.021;0;0;-1;10.29;10;10;10;1;100;0;0;0;0;1.1275;-0.176;0;1.968;1.9165;0;0;0;22.17;2.0665;99.223677;190.3;0;100;0
20250324 50E15 DN 570 UF1;3/24/2025 12:45:29 PM;0.159341666666667;200;200;1;20;1.075;0;0;-1;10.29;10;10;10;1;100;0;0;0;0;1.141;-0.175;0;2.0545;1.9165;0;0;0;22.155;2.1175;99.898668;189.5;0;100;0
20250324 50E15 DN 570 UF1;3/24/2025 12:45:34 PM;0.160733333333333;200;200;1;20;0.999;0;0;-1;10.29;10;10;10;1;100;0;0;0;0;1.176;-0.1745;0;2.004;1.9165;0;0;0;22.125;2.126;100.798656;188.7;0;100;0
20250324 50E15 DN 570 UF1;3/24/2025 12:45:39 PM;0.162125;200;200;1;20;1.0825;0;0;-1;10.29;10;10;10;1;100;0;0;0;0;1.1405;-0.1755;0;2.0525;1.9165;0;0;0;22.11;2.126;101.773643;187.6;0;100;0
20250324 50E15 DN 570 UF1;3/24/2025 12:45:44 PM;0.163513888888889;200;200;1;20;1.01;0;0;-1;10.29;10;10;10;1;100;0;0;0;0;1.139;-0.1745;0;2.0005;1.9165;0;0;0;22.125;2.074;102.673631;186.8;0;100;0
20250324 50E15 DN 570 UF1;3/24/2025 12:45:49 PM;0.164905555555556;200;200;1;20;1.143;0;0;-1;10.29;10;10;10;1;100;0;0;0;0;1.1175;-0.1735;0;2.0525;1.9165;0;0;0;22.095;2.1255;103.49862;185.9;0;100;0
20250324 50E15 DN 570 UF1;3/24/2025 12:45:54 PM;0.166297222222222;200;200;1;20;1.172;0;0;-1;10.29;10;10;10;1;100;0;0;0;0;1.163;-0.1725;0;2.1435;1.9165;0;0;0;22.08;2.183;104.623605;185;0;100;0
20250324 50E15 DN 570 UF1;3/24/2025 12:45:59 PM;0.167691666666667;200;200;1;20;1.0285;0;0;-1;10.29;10;10;10;1;100;0;0;0;0;1.148;-0.175;0;1.992;1.9165;0;0;0;22.08;2.1;105.523593;184.1;0;100;0
20250324 50E15 DN 570 UF1;3/24/2025 12:46:04 PM;0.169083333333333;200;200;1;20;1.048;0;0;-1;10.29;10;10;10;1;100;0;0;0;0;1.157;-0.177;0;2.0145;1.9165;0;0;0;22.065;2.124;106.423581;183.3;0;100;0
20250324 50E15 DN 570 UF1;3/24/2025 12:46:09 PM;0.170475;200;200;1;20;0.987;0;0;-1;10.29;10;10;10;1;100;0;0;0;0;1.168;-0.1755;0;1.9855;1.9165;0;0;0;22.035;2.1115;107.098572;182.4;0;100;0
20250324 50E15 DN 570 UF1;3/24/2025 12:46:14 PM;0.171866666666667;200;200;1;20;1.1765;0;0;-1;10.29;10;10;10;1;100;0;0;0;0;1.1495;-0.1735;0;2.1135;1.9165;0;0;0;22.035;2.17;108.073559;181.4;0;100;0
20250324 50E15 DN 570 UF1;3/24/2025 12:46:19 PM;0.173258333333333;200;200;1;20;1.0115;0;0;-1;10.29;10;10;10;1;100;0;0;0;0;1.1355;-0.1755;0;2.0005;1.9165;0;0;0;22.02;2.0755;108.898548;180.6;0;100;0
20250324 50E15 DN 570 UF1;3/24/2025 12:46:24 PM;0.174647222222222;200;200;1;20;1.083;0;0;-1;10;10;10;10;1;100;0;0;0;0;1.1545;-0.174;0;2.05;1.9165;0;0;0;22.005;2.126;109.798536;179.7;0;100;0
20250324 50E15 DN 570 UF1;3/24/2025 12:46:29 PM;0.176038888888889;200;200;1;20;1.1805;0;0;-1;10;10;10;10;1;100;0;0;0;0;1.155;-0.174;0;2.1245;1.9165;0;0;0;21.99;2.186;110.698524;178.8;0;100;0
20250324 50E15 DN 570 UF1;3/24/2025 12:46:34 PM;0.177430555555556;200;200;1;20;1.0425;0;0;-1;10;10;10;10;1;100;0;0;0;0;1.1785;-0.174;0;2.042;1.9165;0;0;0;21.99;2.15;111.523513;177.9;0;100;0
20250324 50E15 DN 570 UF1;3/24/2025 12:46:39 PM;0.178822222222222;200;200;1;20;1.1315;0;0;-1;10;10;10;10;1;100;0;0;0;0;1.1395;-0.175;0;2.0655;1.9165;0;0;0;21.99;2.139;112.423501;177.1;0;100;0
20250324 50E15 DN 570 UF1;3/24/2025 12:46:44 PM;0.180211111111111;200;200;1;20;1.1315;0;0;-1;10;10;10;10;1;100;0;0;0;0;1.1395;-0.175;0;2.0655;1.9165;0;0;0;21.99;2.139;112.423501;177.1;0;100;0
20250324 50E15 DN 570 UF1;3/24/2025 12:46:49 PM;0.181602777777778;200;200;1;20;0.9515;0;0;-1;9.71;10;10;10;1;100;0;0;0;0;1.147;-0.178;0;1.9325;1.9165;0;0;0;21.975;2.071;113.473487;176.1;0;100;0
20250324 50E15 DN 570 UF1;3/24/2025 12:46:54 PM;0.182994444444444;200;200;1;20;1.0815;0;0;-1;9.71;10;10;10;1;100;0;0;0;0;1.1635;-0.175;0;2.056;1.9165;0;0;0;21.96;2.1385;114.373475;175.1;0;100;0
20250324 50E15 DN 570 UF1;3/24/2025 12:46:59 PM;0.184386111111111;200;200;1;20;1.1155;0;0;-1;9.71;10;10;10;1;100;0;0;0;0;1.142;-0.175;0;2.061;1.9165;0;0;0;21.96;2.141;115.123465;174.4;0;100;0
20250324 50E15 DN 570 UF1;3/24/2025 12:47:04 PM;0.185775;200;200;1;20;0.9885;0;0;-1;9.71;10;10;10;1;100;0;0;0;0;1.1525;-0.175;0;1.988;1.9165;0;0;0;21.93;2.086;116.098452;173.4;0;100;0
20250324 50E15 DN 570 UF1;3/24/2025 12:47:09 PM;0.187166666666667;200;200;1;20;1.155;0;0;-1;10.57;10;10;10;1;100;0;0;0;0;1.1465;-0.174;0;2.118;1.9165;0;0;0;21.93;2.1675;116.99844;172.6;0;100;0
20250324 50E15 DN 570 UF1;3/24/2025 12:47:14 PM;0.188558333333333;200;200;1;20;0.989;0;0;-1;10.57;10;10;10;1;100;0;0;0;0;1.147;-0.176;0;1.968;1.9165;0;0;0;21.93;2.0765;117.898428;171.7;0;100;0
20250324 50E15 DN 570 UF1;3/24/2025 12:47:19 PM;0.18995;200;200;1;20;1.1115;0;0;-1;10.57;10;10;10;1;100;0;0;0;0;1.1375;-0.174;0;2.0695;1.9165;0;0;0;21.915;2.1255;118.873415;170.8;0;100;0
20250324 50E15 DN 570 UF1;3/24/2025 12:47:24 PM;0.191338888888889;200;200;1;20;1.1935;0;0;-1;10.57;10;10;10;1;100;0;0;0;0;1.1615;-0.172;0;2.177;1.9165;0;0;0;21.915;2.195;119.698404;170;0;100;0
20250324 50E15 DN 570 UF1;3/24/2025 12:47:29 PM;0.192733333333333;200;200;1;20;1.033;0;0;-1;10;10;10;10;1;100;0;0;0;0;1.1575;-0.1745;0;2.013;1.9165;0;0;0;21.915;2.1215;120.598392;169.1;0;100;0
20250324 50E15 DN 570 UF1;3/24/2025 12:47:34 PM;0.194125;200;200;1;20;1.237;0;0;-1;10;10;10;10;1;100;0;0;0;0;1.152;-0.172;0;2.195;1.9165;0;0;0;21.9;2.2115;121.423381;168.3;0;100;0
20250324 50E15 DN 570 UF1;3/24/2025 12:47:39 PM;0.195513888888889;200;200;1;20;1.0435;0;0;-1;10;10;10;10;1;100;0;0;0;0;1.1645;-0.174;0;2.028;1.9165;0;0;0;21.915;2.123;122.323369;167.2;0;100;0
20250324 50E15 DN 570 UF1;3/24/2025 12:47:44 PM;0.196902777777778;200;200;1;20;1.095;0;0;-1;10;10;10;10;1;100;0;0;0;0;1.1475;-0.175;0;2.064;1.9165;0;0;0;21.915;2.141;123.223357;166.4;0;100;0
20250324 50E15 DN 570 UF1;3/24/2025 12:47:49 PM;0.198294444444444;200;200;1;20;1.0735;0;0;-1;9.71;10;10;10;1;100;0;0;0;0;1.1595;-0.175;0;2.047;1.9165;0;0;0;21.915;2.143;123.973347;165.6;0;100;0
20250324 50E15 DN 570 UF1;3/24/2025 12:47:54 PM;0.199686111111111;200;200;1;20;1.0815;0;0;-1;9.71;10;10;10;1;100;0;0;0;0;1.1425;-0.1745;0;2.0375;1.9165;0;0;0;21.9;2.1115;125.098332;164.6;0;100;0
20250324 50E15 DN 570 UF1;3/24/2025 12:47:59 PM;0.201077777777778;200;200;1;20;1.144;0;0;-1;9.71;10;10;10;1;100;0;0;0;0;1.155;-0.1755;0;2.0965;1.9165;0;0;0;21.9;2.17;125.773323;163.8;0;100;0
20250324 50E15 DN 570 UF1;3/24/2025 12:48:04 PM;0.202469444444444;200;200;1;20;1.037;0;0;-1;9.71;10;10;10;1;100;0;0;0;0;1.148;-0.174;0;2.0235;1.9165;0;0;0;21.885;2.095;126.598312;162.9;0;100;0
20250324 50E15 DN 570 UF1;3/24/2025 12:48:09 PM;0.203858333333333;200;200;1;20;1.037;0;0;-1;9.71;10;10;10;1;100;0;0;0;0;1.148;-0.174;0;2.0235;1.9165;0;0;0;21.885;2.095;126.598312;162.9;0;100;0
20250324 50E15 DN 570 UF1;3/24/2025 12:48:14 PM;0.205252777777778;200;200;1;20;1.1595;0;0;-1;10;10;10;10;1;100;0;0;0;0;1.1475;-0.1745;0;2.118;1.9165;0;0;0;21.885;2.162;127.573299;162;0;100;0
20250324 50E15 DN 570 UF1;3/24/2025 12:48:19 PM;0.206641666666667;200;200;1;20;1.0795;0;0;-1;10;10;10;10;1;100;0;0;0;0;1.166;-0.1735;0;2.088;1.9165;0;0;0;21.9;2.142;128.398288;161.2;0;100;0
20250324 50E15 DN 570 UF1;3/24/2025 12:48:24 PM;0.208033333333333;200;200;1;20;1.1145;0;0;-1;10;10;10;10;1;100;0;0;0;0;1.141;-0.1745;0;2.0595;1.9165;0;0;0;21.885;2.128;129.298276;160.4;0;100;0
20250324 50E15 DN 570 UF1;3/24/2025 12:48:29 PM;0.209425;200;200;1;20;1.132;0;0;-1;10;10;10;10;1;100;0;0;0;0;1.16;-0.175;0;2.108;1.9165;0;0;0;21.915;2.176;130.273263;159.4;0;100;0
20250324 50E15 DN 570 UF1;3/24/2025 12:48:34 PM;0.210816666666667;200;200;1;20;1.0635;0;0;-1;10;10;10;10;1;100;0;0;0;0;1.17;-0.1735;0;2.0595;1.9165;0;0;0;21.9;2.1335;131.098252;158.5;0;100;0
20250324 50E15 DN 570 UF1;3/24/2025 12:48:39 PM;0.212205555555556;200;200;1;20;1.297;0;0;-1;10;10;10;10;1;100;0;0;0;0;1.159;-0.172;0;2.2295;1.9165;0;0;0;21.9;2.2545;131.923241;157.7;0;100;0
20250324 50E15 DN 570 UF1;3/24/2025 12:48:44 PM;0.213597222222222;200;200;1;20;1.0505;0;0;-1;10;10;10;10;1;100;0;0;0;0;1.1725;-0.1745;0;2.0645;1.9165;0;0;0;21.9;2.1455;132.823229;156.7;0;100;0
20250324 50E15 DN 570 UF1;3/24/2025 12:48:49 PM;0.214991666666667;200;200;1;20;1.0965;0;0;-1;10;10;10;10;1;100;0;0;0;0;1.1595;-0.176;0;2.051;1.9165;0;0;0;21.9;2.1555;133.723217;155.9;0;100;0
20250324 50E15 DN 570 UF1;3/24/2025 12:48:54 PM;0.216380555555556;200;200;1;20;1.1655;0;0;-1;9.71;10;10;10;1;100;0;0;0;0;1.1705;-0.174;0;2.131;1.9165;0;0;0;21.9;2.1995;134.398208;155;0;100;0
20250324 50E15 DN 570 UF1;3/24/2025 12:48:59 PM;0.217769444444444;200;200;1;20;1.0755;0;0;-1;9.71;10;10;10;1;100;0;0;0;0;1.2005;-0.174;0;2.082;1.9165;0;0;0;21.915;2.186;135.298196;154.3;0;100;0
20250324 50E15 DN 570 UF1;3/24/2025 12:49:04 PM;0.219158333333333;200;200;1;20;1.154;0;0;-1;9.71;10;10;10;1;100;0;0;0;0;1.177;-0.175;0;2.1215;1.9165;0;0;0;21.915;2.2;136.423181;153.3;0;100;0
20250324 50E15 DN 570 UF1;3/24/2025 12:49:09 PM;0.22055;200;200;1;20;1.0575;0;0;-1;9.71;10;10;10;1;100;0;0;0;0;1.157;-0.174;0;2.0315;1.9165;0;0;0;21.9;2.121;137.098172;152.4;0;100;0
20250324 50E15 DN 570 UF1;3/24/2025 12:49:14 PM;0.221941666666667;200;200;1;20;1.1225;0;0;-1;9.71;10;10;10;1;100;0;0;0;0;1.1795;-0.175;0;2.1175;1.9165;0;0;0;21.9;2.1925;137.99816;151.7;0;100;0
20250324 50E15 DN 570 UF1;3/24/2025 12:49:19 PM;0.223333333333333;200;200;1;20;1.1535;0;0;-1;9.71;10;10;10;1;100;0;0;0;0;1.06;-0.1745;0;2.007;1.9165;0;0;0;21.9;2.059;138.898148;150.8;0;100;0
20250324 50E15 DN 570 UF1;3/24/2025 12:49:24 PM;0.224725;200;200;1;20;1.1005;0;0;-1;9.71;10;10;10;1;100;0;0;0;0;0.9945;-0.175;0;1.8905;1.9165;0;0;0;21.9;1.955;139.723137;150;0;100;0
20250324 50E15 DN 570 UF1;3/24/2025 12:49:29 PM;0.226113888888889;200;200;1;20;1.252;0;0;-1;9.71;10;10;10;1;100;0;0;0;0;1.044;-0.173;0;2.0905;1.9165;0;0;0;21.915;2.094;140.623125;149.2;0;100;0
20250324 50E15 DN 570 UF1;3/24/2025 12:49:34 PM;0.227502777777778;200;200;1;20;1.0025;0;0;-1;10;10;10;10;1;100;0;0;0;0;1.0085;-0.1755;0;1.857;1.9165;0;0;0;21.9;1.922;141.598112;148.2;0;100;0
20250324 50E15 DN 570 UF1;3/24/2025 12:49:39 PM;0.228897222222222;200;200;1;20;1.0025;0;0;-1;10;10;10;10;1;100;0;0;0;0;1.0085;-0.1755;0;1.857;1.9165;0;0;0;21.9;1.922;141.598112;148.2;0;100;0
20250324 50E15 DN 570 UF1;3/24/2025 12:49:44 PM;0.230288888888889;200;200;1;20;1.139;0;0;-1;10;10;10;10;1;100;0;0;0;0;1.0335;-0.1755;0;1.991;1.9165;0;0;0;21.915;2.026;142.273103;147.4;0;100;0
20250324 50E15 DN 570 UF1;3/24/2025 12:49:49 PM;0.231680555555556;200;200;1;20;1.175;0;0;-1;10;10;10;10;1;100;0;0;0;0;1.0735;-0.1725;0;2.0455;1.9165;0;0;0;21.9;2.088;143.173091;146.5;0;100;0
20250324 50E15 DN 570 UF1;3/24/2025 12:49:54 PM;0.233072222222222;200;200;1;20;1.132;0;0;-1;10;10;10;10;1;100;0;0;0;0;1.039;-0.175;0;1.987;1.9165;0;0;0;21.885;2.018;143.923081;145.7;0;100;0
20250324 50E15 DN 570 UF1;3/24/2025 12:49:59 PM;0.234463888888889;200;200;1;20;1.2025;0;0;-1;9.43;10;10;10;1;100;0;0;0;0;1.0565;-0.174;0;2.049;1.9165;0;0;0;21.9;2.081;144.898068;144.7;0;100;0
20250324 50E15 DN 570 UF1;3/24/2025 12:50:04 PM;0.235855555555556;200;200;1;20;1.117;0;0;-1;9.43;10;10;10;1;100;0;0;0;0;1.0775;-0.1735;0;2.0165;1.9165;0;0;0;21.93;2.0575;145.723057;143.9;0;100;0
20250324 50E15 DN 570 UF1;3/24/2025 12:50:09 PM;0.237247222222222;200;200;1;20;1.172;0;0;-1;9.43;10;10;10;1;100;0;0;0;0;1.024;-0.1755;0;1.992;1.9165;0;0;0;21.93;2.033;146.623045;143.2;0;100;0
20250324 50E15 DN 570 UF1;3/24/2025 12:50:14 PM;0.238636111111111;200;200;1;20;1.0545;0;0;-1;9.71;10;10;10;1;100;0;0;0;0;1.0405;-0.175;0;1.913;1.9165;0;0;0;21.93;1.991;147.598032;142.3;0;100;0
20250324 50E15 DN 570 UF1;3/24/2025 12:50:19 PM;0.240030555555556;200;200;1;20;1.149;0;0;-1;9.71;10;10;10;1;100;0;0;0;0;1.0225;-0.1755;0;1.96;1.9165;0;0;0;21.93;2.0175;148.423021;141.4;0;100;0
20250324 50E15 DN 570 UF1;3/24/2025 12:50:24 PM;0.241422222222222;200;200;1;20;1.1955;0;0;-1;9.71;10;10;10;1;100;0;0;0;0;1.0625;-0.173;0;2.081;1.9165;0;0;0;21.915;2.0775;149.173011;140.6;0;100;0
20250324 50E15 DN 570 UF1;3/24/2025 12:50:29 PM;0.242813888888889;200;200;1;20;1.1075;0;0;-1;9.71;10;10;10;1;100;0;0;0;0;1.043;-0.1745;0;1.9615;1.9165;0;0;0;21.93;2.005;150.222997;139.7;0;100;0
20250324 50E15 DN 570 UF1;3/24/2025 12:50:34 PM;0.244202777777778;200;200;1;20;1.0325;0;0;-1;10.29;10;10;10;1;100;0;0;0;0;1.0475;-0.178;0;1.9215;1.9165;0;0;0;21.93;1.989;151.122985;138.9;0;100;0
20250324 50E15 DN 570 UF1;3/24/2025 12:50:39 PM;0.245594444444444;200;200;1;20;0.5545;0;0;-1;10.29;10;0;0;0;100;0;0;0;0;0.3975;-0.175;0;0.821;1.9165;0;0;0;21.93;1.017;151.722977;138.6;0;100;0
20250324 50E15 DN 570 UF1;3/24/2025 12:50:44 PM;0.246986111111111;200;200;1;20;0.1585;0;0;-1;10.29;10;0;0;0;100;0;0;0;0;-0.1625;-0.1755;0;-0.04;1.9165;0;0;0;21.93;0.095;151.872975;139.8;0;100;0
20250324 50E15 DN 570 UF1;3/24/2025 12:50:49 PM;0.248377777777778;200;200;1;20;0.1495;0;0;-1;10.29;10;10;10;1;100;0;0;0;0;-0.1615;-0.1755;0;-0.00450000000000006;1.9165;0;0;0;21.945;0.0905;151.872975;138.6;0;100;0
20250324 50E15 DN 570 UF1;3/24/2025 12:50:54 PM;0.249769444444444;200;200;1;20;1.852;0;0;-1;2.86;10;10;10;1;100;0;0;0;0;-0.151;-0.1755;0;1.4085;1.9165;0;0;0;21.96;0.955;151.872975;136.6;0;100;0
20250324 50E15 DN 570 UF1;3/24/2025 12:50:59 PM;0.251163888888889;200;200;1;20;2.1975;0;0;-1;2.86;10;10;10;1;100;0;0;0;0;-0.1515;-0.1755;0;1.6885;1.9165;0;0;0;21.96;1.1275;151.797976;136.4;0;100;0
20250324 50E15 DN 570 UF1;3/24/2025 12:51:04 PM;0.252552777777778;200;200;1;20;2.159;0;0;-1;2.86;10;10;10;1;100;0;0;0;0;-0.1535;-0.1755;0;1.6435;1.9165;0;0;0;21.975;1.106;151.872975;136.4;0;100;0
20250324 50E15 DN 570 UF1;3/24/2025 12:51:09 PM;0.253944444444444;200;200;1;20;2.159;0;0;-1;2.86;10;10;10;1;100;0;0;0;0;-0.1535;-0.1755;0;1.6435;1.9165;0;0;0;21.975;1.106;151.872975;136.4;0;100;0
20250324 50E15 DN 570 UF1;3/24/2025 12:51:14 PM;0.255333333333333;200;200;1;20;2.113;0;0;-1;2.86;10;10;10;1;100;0;0;0;0;-0.154;-0.175;0;1.6135;1.9165;0;0;0;21.975;1.082;151.797976;136.4;0;100;0
20250324 50E15 DN 570 UF1;3/24/2025 12:51:19 PM;0.256725;200;200;1;20;2.0915;0;0;-1;-0.29;10;10;10;1;100;0;0;0;0;-0.1535;-0.1755;0;1.579;1.9165;0;0;0;21.99;1.072;151.797976;136.4;0;100;0
20250324 50E15 DN 570 UF1;3/24/2025 12:51:24 PM;0.258116666666667;200;200;1;20;1.9525;0;0;-1;-0.29;10;10;10;1;100;0;0;0;0;-0.154;-0.175;0;1.48;1.9165;0;0;0;22.005;1.0015;151.722977;136.4;0;100;0
20250324 50E15 DN 570 UF1;3/24/2025 12:51:29 PM;0.259505555555556;200;200;1;20;2.014;0;0;-1;-0.29;10;10;10;1;100;0;0;0;0;-0.1535;-0.175;0;1.5305;1.9165;0;0;0;22.005;1.033;151.797976;136.4;0;100;0
20250324 50E15 DN 570 UF1;3/24/2025 12:51:34 PM;0.260897222222222;200;200;1;20;1.8625;0;0;-1;-0.29;10;10;10;1;100;0;0;0;0;-0.154;-0.1755;0;1.4095;1.9165;0;0;0;22.02;0.9565;151.797976;136.4;0;100;0
20250324 50E15 DN 570 UF1;3/24/2025 12:51:39 PM;0.262288888888889;200;200;1;20;1.9215;0;0;-1;0;10;10;10;1;100;0;0;0;0;-0.154;-0.1755;0;1.4305;1.9165;0;0;0;22.035;0.987;151.572979;136.2;0;100;0
20250324 50E15 DN 570 UF1;3/24/2025 12:51:44 PM;0.263680555555556;200;200;1;20;1.793;0;0;-1;0;10;10;10;1;100;0;0;0;0;-0.1545;-0.175;0;1.359;1.9165;0;0;0;22.005;0.921;151.797976;53.4;0;100;0
20250324 50E15 DN 570 UF1;3/24/2025 12:51:49 PM;0.265069444444444;200;200;1;20;1.858;0;0;-1;0;10;10;10;1;100;0;0;0;0;-0.153;-0.1755;0;1.4015;1.9165;0;0;0;22.02;0.9555;151.797976;94;0;100;0
20250324 50E15 DN 570 UF1;3/24/2025 12:51:54 PM;0.266463888888889;200;200;1;20;1.9575;0;0;-1;0;10;10;10;1;100;0;0;0;0;-0.154;-0.1755;0;1.4765;1.9165;0;0;0;22.05;1.005;151.797976;147.5;0;100;0
20250324 50E15 DN 570 UF1;3/24/2025 12:51:59 PM;0.267855555555556;200;200;1;20;1.775;0;0;-1;0;10;10;10;1;100;0;0;0;0;-0.1545;-0.1755;0;1.3165;1.9165;0;0;0;22.065;0.913;151.797976;147.4;0;100;0
20250324 50E15 DN 570 UF1;3/24/2025 12:52:04 PM;0.269247222222222;200;200;1;20;1.8495;0;0;-1;0;10;10;10;1;100;0;0;0;0;-0.154;-0.175;0;1.375;1.9165;0;0;0;22.065;0.95;151.722977;147.3;0;100;0
20250324 50E15 DN 570 UF1;3/24/2025 12:52:09 PM;0.270636111111111;200;200;1;20;1.836;0;0;-1;0;10;10;10;1;100;0;0;0;0;-0.154;-0.175;0;1.3675;1.9165;0;0;0;22.08;0.9435;151.797976;147.3;0;100;0
20250324 50E15 DN 570 UF1;3/24/2025 12:52:14 PM;0.272027777777778;200;200;1;20;1.847;0;0;-1;0;10;10;10;1;100;0;0;0;0;-0.154;-0.1755;0;1.3675;1.9165;0;0;0;22.11;0.9495;151.722977;147.3;0;100;0
20250324 50E15 DN 570 UF1;3/24/2025 12:52:19 PM;0.273416666666667;200;200;1;20;1.898;0;0;-1;-0.29;10;10;10;1;100;0;0;0;0;-0.1535;-0.1755;0;1.447;1.9165;0;0;0;22.125;0.975;151.797976;147.3;0;100;0
20250324 50E15 DN 570 UF1;3/24/2025 12:52:24 PM;0.274808333333333;200;200;1;20;1.7375;0;0;-1;-0.29;10;10;10;1;100;0;0;0;0;-0.1545;-0.1755;0;1.295;1.9165;0;0;0;22.14;0.894;151.797976;166.6;0;100;0
20250324 50E15 DN 570 UF1;3/24/2025 12:52:29 PM;0.2762;200;200;1;20;1.839;0;0;-1;-0.29;10;10;10;1;100;0;0;0;0;-0.154;-0.1755;0;1.3845;1.9165;0;0;0;22.155;0.9455;151.797976;141.5;0;100;0
20250324 50E15 DN 570 UF1;3/24/2025 12:52:34 PM;0.277591666666667;200;200;1;20;1.839;0;0;-1;-0.29;10;10;10;1;100;0;0;0;0;-0.154;-0.1755;0;1.3845;1.9165;0;0;0;22.155;0.9455;151.797976;141.5;0;100;0
20250324 50E15 DN 570 UF1;3/24/2025 12:52:39 PM;0.278983333333333;200;200;1;20;1.747;0;0;-1;-0.29;10;10;10;1;100;0;0;0;0;-0.1545;-0.1755;0;1.2945;1.9165;0;0;0;22.14;0.8985;151.797976;141.7;0;100;0
20250324 50E15 DN 570 UF1;3/24/2025 12:52:44 PM;0.280377777777778;200;200;1;20;1.7855;0;0;-1;-0.57;10;10;10;1;100;0;0;0;0;-0.154;-0.176;0;1.34;1.9165;0;0;0;22.17;0.9185;151.797976;141.8;0;100;0
20250324 50E15 DN 570 UF1;3/24/2025 12:52:49 PM;0.281769444444444;200;200;1;20;1.788;0;0;-1;-0.57;10;10;10;1;100;0;0;0;0;-0.154;-0.1755;0;1.3265;1.9165;0;0;0;22.185;0.9195;151.572979;849.1;0;100;0
20250324 50E15 DN 570 UF1;3/24/2025 12:52:54 PM;0.283161111111111;200;200;1;20;1.7795;0;0;-1;-0.57;10;10;10;1;100;0;0;0;0;-0.1545;-0.1755;0;1.323;1.9165;0;0;0;22.2;0.915;151.797976;148.5;0;100;0
20250324 50E15 DN 570 UF1;3/24/2025 12:52:59 PM;0.284555555555556;200;200;1;20;1.926;0;0;-1;-0.57;10;10;10;1;100;0;0;0;0;-0.154;-0.176;0;1.4415;1.9165;0;0;0;22.215;0.989;151.797976;147.6;0;100;0
20250324 50E15 DN 570 UF1;3/24/2025 12:53:04 PM;0.285947222222222;200;200;1;20;1.697;0;0;-1;0.86;10;10;10;1;100;0;0;0;0;-0.155;-0.1755;0;1.2515;1.9165;0;0;0;22.215;0.8735;151.797976;147.6;0;100;0
20250324 50E15 DN 570 UF1;3/24/2025 12:53:09 PM;0.287336111111111;200;200;1;20;1.853;0;0;-1;0.86;10;10;10;1;100;0;0;0;0;-0.1545;-0.1755;0;1.378;1.9165;0;0;0;22.23;0.952;151.797976;147.6;0;100;0
20250324 50E15 DN 570 UF1;3/24/2025 12:53:14 PM;0.288725;200;200;1;20;1.841;0;0;-1;0.86;10;10;10;1;100;0;0;0;0;-0.1545;-0.176;0;1.372;1.9165;0;0;0;22.23;0.946;151.797976;147.6;0;100;0
20250324 50E15 DN 570 UF1;3/24/2025 12:53:19 PM;0.290116666666667;200;200;1;20;1.7945;0;0;-1;0.86;10;10;10;1;100;0;0;0;0;-0.1545;-0.176;0;1.3325;1.9165;0;0;0;22.245;0.923;151.797976;147.3;0;100;0
20250324 50E15 DN 570 UF1;3/24/2025 12:53:24 PM;0.291511111111111;200;200;1;20;1.847;0;0;-1;0;10;10;10;1;100;0;0;0;0;-0.154;-0.176;0;1.3765;1.9165;0;0;0;22.26;0.9495;151.722977;147.4;0;100;0
20250324 50E15 DN 570 UF1;3/24/2025 12:53:29 PM;0.292902777777778;200;200;1;20;1.773;0;0;-1;0;10;10;10;1;100;0;0;0;0;-0.1545;-0.1755;0;1.3295;1.9165;0;0;0;22.275;0.912;151.797976;147.4;0;100;0
20250324 50E15 DN 570 UF1;3/24/2025 12:53:34 PM;0.294294444444444;200;200;1;20;1.784;0;0;-1;0;10;10;10;1;100;0;0;0;0;-0.154;-0.176;0;1.3435;1.9165;0;0;0;22.275;0.9185;151.722977;147.5;0;100;0
20250324 50E15 DN 570 UF1;3/24/2025 12:53:39 PM;0.295686111111111;200;200;1;20;1.7875;0;0;-1;0;10;10;10;1;100;0;0;0;0;-0.154;-0.1755;0;1.3485;1.9165;0;0;0;22.275;0.9195;151.722977;292.3;0;100;0
20250324 50E15 DN 570 UF1;3/24/2025 12:53:44 PM;0.297075;200;200;1;20;1.745;0;0;-1;0;10;10;10;1;100;0;0;0;0;-0.1545;-0.176;0;1.303;1.9165;0;0;0;22.29;0.8985;151.797976;142;0;100;0
20250324 50E15 DN 570 UF1;3/24/2025 12:53:49 PM;0.298469444444444;200;200;1;20;1.811;0;0;-1;0;10;10;10;1;100;0;0;0;0;-0.154;-0.176;0;1.364;1.9165;0;0;0;22.29;0.932;151.797976;142.8;0;100;0
20250324 50E15 DN 570 UF1;3/24/2025 12:53:54 PM;0.299861111111111;200;200;1;20;1.8;0;0;-1;0;10;10;10;1;100;0;0;0;0;-0.1545;-0.176;0;1.341;1.9165;0;0;0;22.305;0.926;151.797976;142.8;0;100;0
20250324 50E15 DN 570 UF1;3/24/2025 12:53:59 PM;0.301252777777778;200;200;1;20;1.6985;0;0;-1;0;10;10;10;1;100;0;0;0;0;-0.154;-0.1755;0;1.2785;1.9165;0;0;0;22.32;0.875;151.797976;143.6;0;100;0
20250324 50E15 DN 570 UF1;3/24/2025 12:54:04 PM;0.302644444444444;200;200;1;20;1.6985;0;0;-1;0;10;10;10;1;100;0;0;0;0;-0.154;-0.1755;0;1.2785;1.9165;0;0;0;22.32;0.875;151.797976;143.6;0;100;0
20250324 50E15 DN 570 UF1;3/24/2025 12:54:09 PM;0.304036111111111;200;200;1;20;1.759;0;0;-1;-0.29;10;10;10;1;100;0;0;0;0;-0.1545;-0.176;0;1.3025;1.9165;0;0;0;22.305;0.9055;151.797976;143.7;0;100;0
20250324 50E15 DN 570 UF1;3/24/2025 12:54:14 PM;0.3053;200;200;1;20;1.759;0;0;-1;-0.29;10;10;10;1;100;0;0;0;0;-0.1545;-0.176;0;1.3025;1.9165;0;0;0;22.305;0.9055;151.797976;143.7;0;100;0
